{
  "questions": [
    { "qId": 1, "question": "Kotlin was developed by?" },
    { "qId": 2, "question": "Which of following is used to handle null exceptions in Kotlin?" },
	{ "qId": 3, "question": "Which file extension is used to save Kotlin files." },
	{ "qId": 4, "question": "Which of the followings constructors are available in Kotlin?" },
	{ "qId": 5, "question": "What is an immutable variable?" },
    { "qId": 6, "question": "What is correct way to create an arraylist in Kotlin?" },
    { "qId": 7, "question": "Which of the following is not the basic data types in Kotlin?" },
	{ "qId": 8, "question": "Can we execute Kotlin code without JVM?" },
    { "qId": 9, "question": "How do you get the length of a string in Kotlin?" },
    { "qId": 10, "question": "All classes in Kotlin classes are by default?" }
  ],
  "answers": [
    { "id": 1, "answer": "Google", "is_correct" : "false", "qId": 1 },
    { "id": 2, "answer": "JetBrains", "is_correct" : "true", "qId": 1 },
    { "id": 3, "answer": "Microsoft", "is_correct" : "false", "qId": 1 },
    { "id": 4, "answer": "Elvis Operator", "is_correct" : "true", "qId": 2 },
    { "id": 5, "answer": "Sealed Class", "is_correct" : "false", "qId": 2 },
    { "id": 6, "answer": "Lambda function", "is_correct" : "false", "qId": 2 },
    { "id": 7, "answer": ".java", "is_correct" : "false", "qId": 3 },
    { "id": 8, "answer": ".kot", "is_correct" : "false", "qId": 3 },
    { "id": 9, "answer": ".kt or .kts", "is_correct" : "true", "qId": 3 },
    { "id": 10, "answer": "Primary constructor", "is_correct" : "false", "qId": 4 },
    { "id": 11, "answer": "Secondary constructor", "is_correct" : "false", "qId": 4 },
    { "id": 12, "answer": "All of the above", "is_correct" : "true", "qId": 4 },
	{ "id": 13, "answer": "A variable that cannot change, read-only", "is_correct" : "true", "qId": 5 },
    { "id": 14, "answer": "A variable that can be changed", "is_correct" : "false", "qId": 5 },
    { "id": 15, "answer": "A variable used for string interpolation", "is_correct" : "false", "qId": 5 },
    { "id": 16, "answer": "enum class Color {RED, GREEN, BLUE}", "is_correct" : "false", "qId": 6 },
    { "id": 17, "answer": "val list = arrayListOf(1, 2, 3)", "is_correct" : "true", "qId": 6 },
    { "id": 18, "answer": "val set = hashSetOf(1, 2, 3)", "is_correct" : "false", "qId": 6 },
    { "id": 19, "answer": "Numbers", "is_correct" : "false", "qId": 7 },
	{ "id": 20, "answer": "Strings", "is_correct" : "false", "qId": 7 },
    { "id": 21, "answer": "Lists", "is_correct" : "true", "qId": 7 },
    { "id": 22, "answer": "Yes", "is_correct" : "true", "qId": 8 },
    { "id": 23, "answer": "No", "is_correct" : "false", "qId": 8 },
    { "id": 24, "answer": "None of the above", "is_correct" : "false", "qId": 8 },
    { "id": 25, "answer": "str.size", "is_correct" : "true", "qId": 9 },
    { "id": 26, "answer": "length(str)", "is_correct" : "false", "qId": 9 },
    { "id": 27, "answer": "str.lengthOf", "is_correct" : "false", "qId": 9 },
    { "id": 28, "answer": "public", "is_correct" : "false", "qId": 10 },
    { "id": 29, "answer": "final", "is_correct" : "true", "qId": 10 },
    { "id": 30, "answer": "sealed", "is_correct" : "false", "qId": 10 }
  ],
  "profile": {
    "name": "team3Quiz"
  }
}
